{"offline_id": "1c25e22be711464daf216f857f83376f", "project_name": "yolov5", "start_time": 1733310076233, "stop_time": 1733310080815, "tags": [], "workspace": null, "resume_strategy": "create", "customer_error_reported": true, "customer_error_message": "Unexpected error detected in the user script: UnicodeDecodeError('gbk', b\"# CIFAR-10 \\xe6\\x95\\xb0\\xe6\\x8d\\xae\\xe9\\x9b\\x86\\xe7\\x9a\\x84\\xe8\\xb7\\xaf\\xe5\\xbe\\x84\\xe9\\x85\\x8d\\xe7\\xbd\\xae\\r\\ntrain: data\\\\\\\\dataset\\\\\\\\cifar_cate\\\\\\\\train\\\\\\\\images  # \\xe8\\xae\\xad\\xe7\\xbb\\x83\\xe9\\x9b\\x86\\xe5\\x9b\\xbe\\xe7\\x89\\x87\\xe7\\x9a\\x84\\xe8\\xb7\\xaf\\xe5\\xbe\\x84\\r\\nval: data\\\\\\\\dataset\\\\\\\\cifar_cate\\\\\\\\val\\\\\\\\images      # \\xe9\\xaa\\x8c\\xe8\\xaf\\x81\\xe9\\x9b\\x86\\xe5\\x9b\\xbe\\xe7\\x89\\x87\\xe7\\x9a\\x84\\xe8\\xb7\\xaf\\xe5\\xbe\\x84\\r\\n\\r\\n# \\xe7\\xb1\\xbb\\xe5\\x88\\xab\\xe6\\x95\\xb0\\xe9\\x87\\x8f\\r\\nnc: 10\\r\\n\\r\\n# \\xe7\\xb1\\xbb\\xe5\\x88\\xab\\xe5\\x90\\x8d\\xe7\\xa7\\xb0\\xef\\xbc\\x8cCIFAR-10 \\xe7\\x9a\\x84\\xe6\\xa0\\x87\\xe7\\xad\\xbe\\xe7\\xb1\\xbb\\xe5\\x88\\xab\\xe5\\xa6\\x82\\xe4\\xb8\\x8b\\xef\\xbc\\x9a\\r\\nnames: ['airplane', 'automobile', 'bird', 'cat', 'deer', 'dog', 'frog', 'horse', 'ship', 'truck']\\r\\n\", 25, 26, 'illegal multibyte sequence')", "user_provided_experiment_key": false, "comet_start_sourced": false}