{"payload":{"installed_packages":["absl-py==2.1.0","addict==2.4.0","aliyun-python-sdk-core==2.16.0","aliyun-python-sdk-kms==2.16.5","attrs==24.2.0","basicsr==1.4.2","certifi==2024.8.30","cffi==1.17.1","charset-normalizer==3.4.0","click==8.1.7","colorama==0.4.6","comet-ml==3.47.4","configobj==5.0.9","contourpy==1.3.0","crcmod==1.7","cryptography==44.0.0","cycler==0.12.1","dulwich==0.22.6","einops==0.8.0","everett==3.1.0","filelock==3.14.0","fonttools==4.55.0","fsspec==2024.10.0","future==1.0.0","gitdb==4.0.11","gitpython==3.1.43","grpcio==1.68.0","huggingface-hub==0.26.3","idna==3.10","imageio==2.36.1","importlib-metadata==8.5.0","importlib-resources==6.4.5","jinja2==3.1.4","jmespath==0.10.0","jsonschema==4.23.0","jsonschema-specifications==2024.10.1","kiwisolver==1.4.7","lazy-loader==0.4","lmdb==1.5.1","markdown==3.7","markdown-it-py==3.0.0","markupsafe==3.0.2","matplotlib==3.9.2","mdurl==0.1.2","mmcv==2.0.0","mmengine==0.10.5","model-index==0.1.11","mpmath==1.3.0","networkx==3.2.1","numpy==1.23.5","opencv-python==4.10.0.84","opendatalab==0.0.10","openmim==0.3.9","openxlab==0.1.2","ordered-set==4.1.0","oss2==2.17.0","packaging==24.2","pandas==2.2.3","pillow==11.0.0","pip==24.2","platformdirs==4.3.6","protobuf==5.29.0","psutil==6.1.0","py-cpuinfo==9.0.0","pycparser==2.22","pycryptodome==3.21.0","pygments==2.18.0","pyparsing==3.2.0","python-box==6.1.0","python-dateutil==2.9.0.post0","pytz==2023.4","pywin32==308","pyyaml==6.0.2","referencing==0.35.1","regex==2024.11.6","requests==2.28.2","requests-toolbelt==1.0.0","rich==13.4.2","rpds-py==0.22.1","safetensors==0.4.5","scikit-image==0.24.0","scipy==1.13.1","seaborn==0.13.2","semantic-version==2.10.0","sentry-sdk==2.19.0","setuptools==60.2.0","simplejson==3.19.3","six==1.16.0","smmap==5.0.1","sympy==1.13.1","tabulate==0.9.0","tb-nightly==2.19.0a20241121","tensorboard==2.18.0","tensorboard-data-server==0.7.2","termcolor==2.5.0","thop==0.1.1.post2209072238","tifffile==2024.8.30","timm==1.0.11","tomli==2.2.1","torch==1.13.1+cu116","torchaudio==0.13.1+cu116","torchsummary==1.5.1","torchvision==0.14.1+cu116","tqdm==4.65.2","typing-extensions==4.12.2","tzdata==2024.2","ultralytics==8.3.39","ultralytics-thop==2.0.12","urllib3==1.26.20","werkzeug==3.1.3","wheel==0.44.0","wrapt==1.17.0","wurlitzer==3.1.1","yapf==0.43.0","zipp==3.21.0"],"message_id":1},"type":"installed_packages"}
{"payload":{"command":["c:\\yolov5-master\\train.py"],"env":null,"hostname":"YuXuFeng","ip":"192.168.123.91","machine":"AMD64","message_id":2,"os":"Windows-10-10.0.22631-SP0","os_release":"10","os_type":"Windows","pid":61756,"processor":"AMD64 Family 25 Model 97 Stepping 2, AuthenticAMD","python_exe":"C:\\Users\\11139\\anaconda3\\envs\\yolomaster\\python.exe","python_version":"3.9.20","python_version_verbose":"3.9.20 (main, Oct  3 2024, 07:38:01) [MSC v.1929 64 bit (AMD64)]","user":"11139"},"type":"system_details"}
{"payload":{"gpu_static_info":[{"gpu_index":0,"name":"NVIDIA GeForce RTX 4070 Laptop GPU","power_limit":70000,"total_memory":8585740288,"uuid":"GPU-eeb16f51-4185-48c9-f7b8-e403052946d5"}],"message_id":3},"type":"gpu_static_info"}
{"payload":{"local_timestamp":1733310076291,"message_id":4,"metric":{"epoch":null,"metricName":"sys.gpu.0.total_memory","metricValue":8585740288,"step":null}},"type":"metric_msg"}
{"payload":{"key":"offline_experiment","message_id":5,"value":true},"type":"log_other"}
{"payload":{"key":"Name","message_id":6,"value":"exp"},"type":"log_other"}
{"payload":{"local_timestamp":1733310076293,"message_id":7,"output":"Traceback (most recent call last):\n","stderr":true},"type":"standard_output"}
{"payload":{"local_timestamp":1733310076294,"message_id":8,"output":"  File \"c:\\yolov5-master\\train.py\", line 837, in <module>\n","stderr":true},"type":"standard_output"}
{"payload":{"local_timestamp":1733310076294,"message_id":9,"output":"    ","stderr":true},"type":"standard_output"}
{"payload":{"local_timestamp":1733310076294,"message_id":10,"output":"main(opt)","stderr":true},"type":"standard_output"}
{"payload":{"local_timestamp":1733310076294,"message_id":11,"output":"\n","stderr":true},"type":"standard_output"}
{"payload":{"local_timestamp":1733310076294,"message_id":12,"output":"  File \"c:\\yolov5-master\\train.py\", line 617, in main\n","stderr":true},"type":"standard_output"}
{"payload":{"local_timestamp":1733310076295,"message_id":13,"output":"    ","stderr":true},"type":"standard_output"}
{"payload":{"local_timestamp":1733310076295,"message_id":14,"output":"train(opt.hyp, opt, device, callbacks)","stderr":true},"type":"standard_output"}
{"payload":{"local_timestamp":1733310076295,"message_id":15,"output":"\n","stderr":true},"type":"standard_output"}
{"payload":{"local_timestamp":1733310076295,"message_id":16,"output":"  File \"c:\\yolov5-master\\train.py\", line 148, in train\n","stderr":true},"type":"standard_output"}
{"payload":{"local_timestamp":1733310076295,"message_id":17,"metric":{"epoch":null,"metricName":"sys.gpu.0.gpu_utilization","metricValue":10,"step":null}},"type":"metric_msg"}
{"payload":{"local_timestamp":1733310076295,"message_id":18,"metric":{"epoch":null,"metricName":"sys.gpu.0.power_usage","metricValue":12144,"step":null}},"type":"metric_msg"}
{"payload":{"local_timestamp":1733310076295,"message_id":19,"metric":{"epoch":null,"metricName":"sys.gpu.0.temperature","metricValue":66,"step":null}},"type":"metric_msg"}
{"payload":{"local_timestamp":1733310076295,"message_id":20,"metric":{"epoch":null,"metricName":"sys.gpu.0.memory_utilization","metricValue":4,"step":null}},"type":"metric_msg"}
{"payload":{"local_timestamp":1733310076295,"message_id":21,"metric":{"epoch":null,"metricName":"sys.gpu.0.free_memory","metricValue":5993750528,"step":null}},"type":"metric_msg"}
{"payload":{"local_timestamp":1733310076295,"message_id":22,"metric":{"epoch":null,"metricName":"sys.gpu.0.used_memory","metricValue":2591989760,"step":null}},"type":"metric_msg"}
{"payload":{"local_timestamp":1733310076295,"message_id":23,"metric":{"epoch":null,"metricName":"sys.gpu.0.percent.used_memory","metricValue":30.189473161944306,"step":null}},"type":"metric_msg"}
{"payload":{"local_timestamp":1733310076296,"message_id":24,"output":"    ","stderr":true},"type":"standard_output"}
{"payload":{"local_timestamp":1733310076296,"message_id":25,"output":"loggers = Loggers(","stderr":true},"type":"standard_output"}
{"payload":{"local_timestamp":1733310076296,"message_id":26,"output":"\n","stderr":true},"type":"standard_output"}
{"payload":{"local_timestamp":1733310076296,"message_id":27,"output":"  File \"c:\\yolov5-master\\utils\\loggers\\__init__.py\", line 146, in __init__\n","stderr":true},"type":"standard_output"}
{"payload":{"local_timestamp":1733310076296,"message_id":28,"output":"    ","stderr":true},"type":"standard_output"}
{"payload":{"local_timestamp":1733310076296,"message_id":29,"output":"self.comet_logger = CometLogger(self.opt, self.hyp)","stderr":true},"type":"standard_output"}
{"payload":{"local_timestamp":1733310076296,"message_id":30,"output":"\n","stderr":true},"type":"standard_output"}
{"payload":{"local_timestamp":1733310076297,"message_id":31,"output":"  File \"c:\\yolov5-master\\utils\\loggers\\comet\\__init__.py\", line 97, in __init__\n","stderr":true},"type":"standard_output"}
{"payload":{"local_timestamp":1733310076297,"message_id":32,"output":"    ","stderr":true},"type":"standard_output"}
{"payload":{"local_timestamp":1733310076297,"message_id":33,"output":"self.data_dict = self.check_dataset(self.opt.data)","stderr":true},"type":"standard_output"}
{"payload":{"local_timestamp":1733310076298,"message_id":34,"output":"\n","stderr":true},"type":"standard_output"}
{"payload":{"local_timestamp":1733310076298,"message_id":35,"output":"  File \"c:\\yolov5-master\\utils\\loggers\\comet\\__init__.py\", line 239, in check_dataset\n","stderr":true},"type":"standard_output"}
{"payload":{"local_timestamp":1733310076298,"message_id":36,"output":"    ","stderr":true},"type":"standard_output"}
{"payload":{"local_timestamp":1733310076298,"message_id":37,"output":"data_config = yaml.safe_load(f)","stderr":true},"type":"standard_output"}
{"payload":{"local_timestamp":1733310076299,"message_id":38,"output":"\n","stderr":true},"type":"standard_output"}
{"payload":{"local_timestamp":1733310076299,"message_id":39,"output":"  File \"C:\\Users\\11139\\anaconda3\\envs\\yolomaster\\lib\\site-packages\\yaml\\__init__.py\", line 125, in safe_load\n","stderr":true},"type":"standard_output"}
{"payload":{"local_timestamp":1733310076300,"message_id":40,"output":"    ","stderr":true},"type":"standard_output"}
{"payload":{"local_timestamp":1733310076300,"message_id":41,"output":"return load(stream, SafeLoader)","stderr":true},"type":"standard_output"}
{"payload":{"local_timestamp":1733310076300,"message_id":42,"output":"\n","stderr":true},"type":"standard_output"}
{"payload":{"local_timestamp":1733310076300,"message_id":43,"output":"  File \"C:\\Users\\11139\\anaconda3\\envs\\yolomaster\\lib\\site-packages\\yaml\\__init__.py\", line 79, in load\n","stderr":true},"type":"standard_output"}
{"payload":{"local_timestamp":1733310076300,"message_id":44,"output":"    ","stderr":true},"type":"standard_output"}
{"payload":{"local_timestamp":1733310076301,"message_id":45,"output":"loader = Loader(stream)","stderr":true},"type":"standard_output"}
{"payload":{"local_timestamp":1733310076301,"message_id":46,"output":"\n","stderr":true},"type":"standard_output"}
{"payload":{"local_timestamp":1733310076301,"message_id":47,"output":"  File \"C:\\Users\\11139\\anaconda3\\envs\\yolomaster\\lib\\site-packages\\yaml\\loader.py\", line 34, in __init__\n","stderr":true},"type":"standard_output"}
{"payload":{"local_timestamp":1733310076301,"message_id":48,"output":"    ","stderr":true},"type":"standard_output"}
{"payload":{"local_timestamp":1733310076301,"message_id":49,"output":"Reader.__init__(self, stream)","stderr":true},"type":"standard_output"}
{"payload":{"local_timestamp":1733310076301,"message_id":50,"output":"\n","stderr":true},"type":"standard_output"}
{"payload":{"local_timestamp":1733310076301,"message_id":51,"output":"  File \"C:\\Users\\11139\\anaconda3\\envs\\yolomaster\\lib\\site-packages\\yaml\\reader.py\", line 85, in __init__\n","stderr":true},"type":"standard_output"}
{"payload":{"local_timestamp":1733310076302,"message_id":52,"output":"    ","stderr":true},"type":"standard_output"}
{"payload":{"local_timestamp":1733310076302,"message_id":53,"output":"self.determine_encoding()","stderr":true},"type":"standard_output"}
{"payload":{"local_timestamp":1733310076302,"message_id":54,"output":"\n","stderr":true},"type":"standard_output"}
{"payload":{"local_timestamp":1733310076302,"message_id":55,"output":"  File \"C:\\Users\\11139\\anaconda3\\envs\\yolomaster\\lib\\site-packages\\yaml\\reader.py\", line 124, in determine_encoding\n","stderr":true},"type":"standard_output"}
{"payload":{"local_timestamp":1733310076303,"message_id":56,"output":"    ","stderr":true},"type":"standard_output"}
{"payload":{"local_timestamp":1733310076303,"message_id":57,"output":"self.update_raw()","stderr":true},"type":"standard_output"}
{"payload":{"local_timestamp":1733310076303,"message_id":58,"output":"\n","stderr":true},"type":"standard_output"}
{"payload":{"local_timestamp":1733310076303,"message_id":59,"output":"  File \"C:\\Users\\11139\\anaconda3\\envs\\yolomaster\\lib\\site-packages\\yaml\\reader.py\", line 178, in update_raw\n","stderr":true},"type":"standard_output"}
{"payload":{"local_timestamp":1733310076304,"message_id":60,"output":"    ","stderr":true},"type":"standard_output"}
{"payload":{"local_timestamp":1733310076304,"message_id":61,"output":"data = self.stream.read(size)","stderr":true},"type":"standard_output"}
{"payload":{"local_timestamp":1733310076304,"message_id":62,"output":"\n","stderr":true},"type":"standard_output"}
{"payload":{"local_timestamp":1733310076304,"message_id":63,"output":"UnicodeDecodeError","stderr":true},"type":"standard_output"}
{"payload":{"local_timestamp":1733310076304,"message_id":64,"output":": ","stderr":true},"type":"standard_output"}
{"payload":{"local_timestamp":1733310076304,"message_id":65,"output":"'gbk' codec can't decode byte 0xaf in position 25: illegal multibyte sequence","stderr":true},"type":"standard_output"}
{"payload":{"local_timestamp":1733310076304,"message_id":66,"output":"\n","stderr":true},"type":"standard_output"}
{"payload":{"local_timestamp":1733310076305,"message_id":67,"output":"\u001b[1;38;5;39mCOMET INFO:\u001b[0m The process of logging environment details (conda environment, git patch) is underway. Please be patient as this may take some time.\n","stderr":true},"type":"standard_output"}
{"payload":{"local_timestamp":1733310076322,"message_id":68,"output":"\u001b[1;38;5;39mCOMET INFO:\u001b[0m Couldn't find a Git repository in 'C:\\\\yolov5-master' nor in any parent directory. Set `COMET_GIT_DIRECTORY` if your Git Repository is elsewhere.\n","stderr":true},"type":"standard_output"}
{"payload":{"local_timestamp":1733310076688,"message_id":69,"metric":{"epoch":null,"metricName":"sys.cpu.percent.avg","metricValue":0.0,"step":null}},"type":"metric_msg"}
{"payload":{"local_timestamp":1733310076688,"message_id":70,"metric":{"epoch":null,"metricName":"sys.ram.total","metricValue":16340426752,"step":null}},"type":"metric_msg"}
{"payload":{"local_timestamp":1733310076688,"message_id":71,"metric":{"epoch":null,"metricName":"sys.ram.used","metricValue":13973241856,"step":null}},"type":"metric_msg"}
{"payload":{"local_timestamp":1733310076688,"message_id":72,"metric":{"epoch":null,"metricName":"sys.ram.available","metricValue":2367184896,"step":null}},"type":"metric_msg"}
{"payload":{"local_timestamp":1733310076688,"message_id":73,"metric":{"epoch":null,"metricName":"sys.ram.percent.used","metricValue":85.5,"step":null}},"type":"metric_msg"}
{"payload":{"local_timestamp":1733310076688,"message_id":74,"metric":{"epoch":null,"metricName":"sys.load.avg","metricValue":0.0,"step":null}},"type":"metric_msg"}
{"payload":{"additional_params":{"assetId":"eab19bc10b3f45649f3b0d551c1a3b60","context":null,"epoch":null,"extension":"yml","fileName":"conda-environment.yml","overwrite":false,"runId":null,"step":null,"type":"conda-environment-definition"},"clean":true,"file_path":"tmpogotr4sg","local_timestamp":1733310079065,"message_id":75,"metadata":{},"upload_type":"conda-environment-definition"},"type":"file_upload"}
{"payload":{"additional_params":{"assetId":"ee87e758fadc47a2aed806dd871ddbc0","context":null,"epoch":null,"extension":"txt","fileName":"conda-spec.txt","overwrite":false,"runId":null,"step":null,"type":"conda-specification"},"clean":true,"file_path":"tmpwpo7vqd7","local_timestamp":1733310079647,"message_id":76,"metadata":{},"upload_type":"conda-specification"},"type":"file_upload"}
{"payload":{"additional_params":{"assetId":"eda118de7431477faa2c43656b81b1b4","context":null,"epoch":null,"extension":"yml","fileName":"conda-info.yml","overwrite":false,"runId":null,"step":null,"type":"conda-info"},"clean":true,"file_path":"tmp9jzv3e7e","local_timestamp":1733310080450,"message_id":77,"metadata":{},"upload_type":"conda-info"},"type":"file_upload"}
{"payload":{"local_timestamp":1733310080454,"message_id":78,"output":"\u001b[1;38;5;39mCOMET INFO:\u001b[0m ---------------------------------------------------------------------------------------\n","stderr":true},"type":"standard_output"}
{"payload":{"local_timestamp":1733310080454,"message_id":79,"output":"\u001b[1;38;5;39mCOMET INFO:\u001b[0m Comet.ml OfflineExperiment Summary\n","stderr":true},"type":"standard_output"}
{"payload":{"local_timestamp":1733310080454,"message_id":80,"output":"\u001b[1;38;5;39mCOMET INFO:\u001b[0m ---------------------------------------------------------------------------------------\n","stderr":true},"type":"standard_output"}
{"payload":{"local_timestamp":1733310080454,"message_id":81,"output":"\u001b[1;38;5;39mCOMET INFO:\u001b[0m   Data:\n","stderr":true},"type":"standard_output"}
{"payload":{"local_timestamp":1733310080454,"message_id":82,"output":"\u001b[1;38;5;39mCOMET INFO:\u001b[0m     display_summary_level : 1\n","stderr":true},"type":"standard_output"}
{"payload":{"local_timestamp":1733310080454,"message_id":83,"output":"\u001b[1;38;5;39mCOMET INFO:\u001b[0m     name                  : exp\n","stderr":true},"type":"standard_output"}
{"payload":{"local_timestamp":1733310080455,"message_id":84,"output":"\u001b[1;38;5;39mCOMET INFO:\u001b[0m     url                   : [OfflineExperiment will get URL after upload]\n","stderr":true},"type":"standard_output"}
{"payload":{"local_timestamp":1733310080455,"message_id":85,"output":"\u001b[1;38;5;39mCOMET INFO:\u001b[0m   Others:\n","stderr":true},"type":"standard_output"}
{"payload":{"local_timestamp":1733310080455,"message_id":86,"output":"\u001b[1;38;5;39mCOMET INFO:\u001b[0m     Name               : exp\n","stderr":true},"type":"standard_output"}
{"payload":{"local_timestamp":1733310080455,"message_id":87,"output":"\u001b[1;38;5;39mCOMET INFO:\u001b[0m     offline_experiment : True\n","stderr":true},"type":"standard_output"}
{"payload":{"local_timestamp":1733310080455,"message_id":88,"output":"\u001b[1;38;5;39mCOMET INFO:\u001b[0m   Uploads:\n","stderr":true},"type":"standard_output"}
{"payload":{"local_timestamp":1733310080455,"message_id":89,"output":"\u001b[1;38;5;39mCOMET INFO:\u001b[0m     conda-environment-definition : 1\n","stderr":true},"type":"standard_output"}
{"payload":{"local_timestamp":1733310080456,"message_id":90,"output":"\u001b[1;38;5;39mCOMET INFO:\u001b[0m     conda-info                   : 1\n","stderr":true},"type":"standard_output"}
{"payload":{"local_timestamp":1733310080456,"message_id":91,"output":"\u001b[1;38;5;39mCOMET INFO:\u001b[0m     conda-specification          : 1\n","stderr":true},"type":"standard_output"}
{"payload":{"local_timestamp":1733310080456,"message_id":92,"output":"\u001b[1;38;5;39mCOMET INFO:\u001b[0m     environment details          : 1\n","stderr":true},"type":"standard_output"}
{"payload":{"local_timestamp":1733310080456,"message_id":93,"output":"\u001b[1;38;5;39mCOMET INFO:\u001b[0m     installed packages           : 1\n","stderr":true},"type":"standard_output"}
{"payload":{"local_timestamp":1733310080456,"message_id":94,"output":"\u001b[1;38;5;39mCOMET INFO:\u001b[0m \n","stderr":true},"type":"standard_output"}
